bird_id,stopover_id,lat,lon,date_first,date_last,duration_days,n_fixes,mean_nsd_km,shared_with,n_birds_total
10057_KB,10057_KB_stop1,21.5108,-78.4308,2001-08-26,2001-08-26,1,6,2331.9,20226_FZ;20228_8-5;29850_EY,4
10057_KB,10057_KB_stop2,20.7362,-76.7504,2001-08-27,2001-09-02,6,20,2370.7,29843_DG,2
20218_X2,20218_X2_stop0,22.3826,-105.6249,1997-09-16,1997-10-10,24,18,3031.4,,1
20219_AB,20219_AB_stop0,-5.5199,-74.3107,1996-11-10,1996-11-30,20,9,6125.3,,1
20219_CZ,20219_CZ_stop0,17.77,-93.095,1998-09-28,1998-10-13,16,4,3977.8,,1
20220_X1,20220_X1_stop0,21.4578,-97.4586,1998-09-22,1998-10-14,23,14,3519.4,,1
20220_Y0,20220_Y0_stop0,39.1497,-94.728,1997-08-05,1997-08-21,17,9,816.7,,1
20222_AW,20222_AW_stop0,10.8839,-74.6041,1998-09-01,1998-10-14,44,32,3182.0,20222_HS;25659_P3;29842_FX,4
20222_HS,20222_HS_stop0,11.0179,-74.8423,2000-10-06,2000-10-21,16,44,2538.9,20222_AW;25659_P3;29842_FX,4
20222_HS,20222_HS_stop1,5.4643,-53.0648,2000-11-17,2000-12-27,40,133,4117.6,,1
20223_AK,20223_AK_stop0,13.0668,-87.2718,1997-10-03,1997-10-20,18,6,3827.7,25664_HW,2
20224_AR,20224_AR_stop0,18.3533,-101.8825,1998-09-22,1998-10-01,10,4,3566.2,,1
20225_AT,20225_AT_stop0,18.6099,-95.5391,1998-09-23,1998-10-13,21,16,3863.2,,1
20226_B4,20226_B4_stop0,17.872,-91.8378,1997-10-15,1997-11-02,19,11,3020.3,21018_O18;29848_B4,3
20226_FZ,20226_FZ_stop0,21.3167,-78.0348,2000-09-13,2000-09-15,3,6,1473.6,10057_KB;20228_8-5;29850_EY;29854_HU,5
20226_FZ,20226_FZ_stop1,18.7264,-69.3375,2000-10-04,2000-10-27,23,60,2075.4,,1
20226_FZ,20226_FZ_stop2,8.7913,-68.8336,2000-11-06,2000-11-13,7,22,3093.7,,1
20226_FZ,20226_FZ_stop3,1.6977,-50.0801,2000-12-04,2000-12-28,24,75,4831.4,,1
20228_8-5,20228_8-5_stop0,21.5396,-78.299,1998-09-01,1998-09-03,3,5,2127.3,10057_KB;20226_FZ;29850_EY,4
20228_8-5,20228_8-5_stop1,-3.4108,-59.3378,1998-10-06,1998-10-13,7,5,5087.3,,1
20229_L7,20229_L7_stop0,18.1327,-92.3713,1999-10-10,1999-10-11,1,3,2965.3,21018_O18,2
20229_L7,20229_L7_stop1,18.8607,-91.3298,1999-10-13,1999-11-25,44,46,2887.8,,1
21017_EH,21017_EH_stop0,20.0042,-104.3369,1999-09-21,1999-11-04,44,42,3212.1,,1
21018_O18,21018_O18_stop0,17.8469,-92.0863,1999-09-26,1999-11-05,40,46,4167.1,20226_B4;20229_L7;29848_B4,4
21046_O46,21046_O46_stop0,44.7051,-122.9798,1999-08-13,1999-08-27,14,17,2262.2,,1
21047_EU,21047_EU_stop0,20.0384,-75.1408,1999-09-21,1999-09-29,9,5,2271.6,29840_EE,2
21048_ET,21048_ET_stop0,10.2492,-67.7482,1999-09-26,1999-10-25,30,25,3278.9,,1
21056_EM,21056_EM_stop1,7.775,-68.0538,1999-09-11,1999-09-12,1,4,3543.3,,1
21060_DE,21060_DE_stop2,22.5638,-80.5234,2000-09-14,2000-09-17,4,11,2331.5,29831_KC;29836_7-A,3
21394_8-5,21394_8-5_stop3,7.8037,-67.4057,2001-09-17,2001-09-18,2,7,3767.7,,1
21396_EZ,21396_EZ_stop0,27.4448,-80.2945,1999-10-09,1999-11-20,43,54,1678.4,,1
21416_FW,21416_FW_stop0,37.4838,-90.4755,1999-09-22,1999-09-27,6,14,840.9,,1
21416_FW,21416_FW_stop1,37.7367,-91.4378,1999-10-06,1999-10-07,1,6,796.7,,1
21416_FW,21416_FW_stop2,38.394,-90.8616,1999-10-08,1999-10-30,23,57,734.6,,1
21416_FW,21416_FW_stop3,31.1376,-87.6431,1999-11-12,1999-12-27,45,71,1589.7,,1
21417_FV,21417_FV_stop0,35.1693,-79.9947,1999-09-11,1999-10-09,29,77,1537.4,,1
21417_KD,21417_KD_stop0,39.5666,-74.9924,2001-08-16,2001-08-30,15,22,421.5,,1
21417_KD,21417_KD_stop1,19.3821,-72.7068,2001-10-02,2001-10-08,7,29,2453.2,,1
21418_X7,21418_X7_stop1,9.3079,-71.0927,1999-09-12,1999-09-14,2,14,3528.1,25664_X4,2
21421_HX,21421_HX_stop2,11.2042,-72.0184,2000-10-21,2000-10-25,4,17,3354.6,,1
21421_HX,21421_HX_stop4,22.0144,-79.405,2001-09-18,2001-09-19,1,5,2301.4,,1
21422_FR,21422_FR_stop0,8.4443,-77.6787,1999-10-05,1999-10-07,2,3,4340.9,,1
21422_FR,21422_FR_stop3,23.279,-92.0705,2001-09-26,2001-09-26,1,4,2417.4,,1
21423_EJ,21423_EJ_stop1,39.1675,-119.6791,2000-08-28,2000-08-29,2,8,708.6,,1
25658_P2,25658_P2_stop0,-11.1408,-66.6243,1995-10-12,1995-11-16,36,19,6795.5,,1
25659_P3,25659_P3_stop0,10.8706,-74.4845,1995-10-09,1995-11-22,45,20,4201.4,20222_AW;20222_HS;29842_FX,4
25659_Z0,25659_Z0_stop0,10.7481,-71.474,1997-11-05,1997-11-25,21,21,4347.5,29854_Z0,2
25662_AN,25662_AN_stop0,-6.2793,-58.0649,1998-09-09,1998-09-18,10,7,5456.3,,1
25663_AX,25663_AX_stop1,22.0658,-80.3567,1998-09-04,1998-10-10,37,10,2241.1,,1
25664_DE,25664_DE_stop0,-3.7921,-70.1533,1998-09-06,1998-09-17,12,7,4992.8,,1
25664_HW,25664_HW_stop0,40.9054,-73.874,2000-08-01,2000-09-15,45,131,273.6,,1
25664_HW,25664_HW_stop1,34.2837,-83.7237,2000-09-30,2000-10-02,2,9,1388.2,,1
25664_HW,25664_HW_stop2,13.4795,-87.3069,2000-10-17,2000-10-19,2,8,3493.2,20223_AK,2
25664_HW,25664_HW_stop3,9.217,-83.6738,2000-10-29,2000-11-01,3,10,3795.0,,1
25664_HW,25664_HW_stop4,7.8109,-80.632,2000-11-08,2000-11-14,6,12,3857.1,,1
25664_X4,25664_X4_stop0,9.2083,-71.2123,1996-09-15,1996-10-24,40,12,3536.3,21418_X7,2
25665_X5,25665_X5_stop0,-18.4267,-57.4069,1996-10-01,1996-10-30,29,11,6783.5,,1
25665_X7,25665_X7_stop0,-3.5,-61.5262,1998-09-15,1998-10-06,22,6,5079.1,,1
29831_KC,29831_KC_stop2,22.6776,-80.1252,2002-10-04,2002-10-04,1,5,2264.9,21060_DE;29836_7-A,3
29833_833(GS-O),29833_833(GS-O)_stop0,6.96,-67.8523,1999-09-12,1999-09-19,7,12,2669.3,,1
29833_Z6,29833_Z6_stop0,25.8925,-107.8496,1997-09-17,1997-10-03,17,11,2540.2,,1
29835_ED,29835_ED_stop1,36.3564,-93.9305,1998-09-13,1998-09-28,16,14,959.1,,1
29836_7-A,29836_7-A_stop0,22.7222,-80.447,2001-08-01,2001-08-06,6,9,516.4,21060_DE;29831_KC,3
29836_7-A,29836_7-A_stop1,-15.2178,-51.6563,2001-09-12,2001-09-22,11,16,5706.3,,1
29840_EE,29840_EE_stop0,20.0358,-75.0235,1998-10-08,1998-10-13,5,6,3420.6,21047_EU,2
29842_FX,29842_FX_stop0,11.3082,-73.9244,1999-09-18,1999-09-19,1,5,4143.6,,1
29842_FX,29842_FX_stop1,10.7279,-74.5605,1999-09-20,1999-10-29,39,16,4177.3,20222_AW;20222_HS;25659_P3,4
29843_DG,29843_DG_stop0,20.5328,-76.6733,1998-09-11,1998-09-16,5,4,2307.0,10057_KB,2
29843_DG,29843_DG_stop1,19.0702,-70.485,1998-09-25,1998-09-30,5,4,2437.8,,1
29845_EF,29845_EF_stop0,11.6812,-85.8466,1998-10-08,1998-10-13,5,5,3947.0,,1
29848_B4,29848_B4_stop1,17.8412,-91.8421,1998-10-01,1998-10-14,14,9,3131.6,20226_B4;21018_O18,3
29849_os_22,29849_os_22_stop0,30.3644,-91.749,1997-10-04,1997-10-06,3,5,1631.9,,1
29849_os_22,29849_os_22_stop1,9.1736,-74.8101,1997-10-26,1997-11-02,7,7,4344.3,,1
29850_EY,29850_EY_stop0,23.03,-80.9555,1999-09-29,1999-09-29,1,4,2138.5,,1
29850_EY,29850_EY_stop1,21.4767,-78.0237,1999-10-01,1999-10-11,10,15,2221.2,10057_KB;20226_FZ;20228_8-5,4
29851_CX,29851_CX_stop0,40.3919,-91.3693,1997-08-30,1997-09-13,14,12,703.4,,1
29853_F3,29853_F3_stop0,37.703,-89.3833,1997-08-23,1997-08-25,3,3,1038.8,,1
29853_os_853,29853_os_853_stop0,-13.3192,-63.3833,1999-09-24,1999-10-23,29,6,6002.7,,1
29854_HU,29854_HU_stop0,21.2205,-77.5705,2000-09-15,2000-09-15,1,4,2259.9,20226_FZ,2
29854_Z0,29854_Z0_stop1,10.7233,-71.4457,1998-10-02,1998-10-04,3,3,4487.0,25659_Z0,2
29855_X4,29855_X4_stop0,21.2195,-76.9095,1999-08-28,1999-08-28,1,4,2246.7,,1
29856_DD,29856_DD_stop0,38.9264,-95.3602,1997-08-19,1997-08-27,8,10,846.4,,1
